Model,Train R²,Test R²,CV R²,CV R² Std,Train RMSE,Test RMSE,Train MAE,Test MAE,Train-Test Gap,Overfitting
Ridge Regression,0.9842338443154492,0.9827494528651715,0.9634011182823539,0.018408381467155767,0.013987357787210246,0.015335037981611593,0.0054127232549465495,0.005714740005480978,0.0014843914502777888,Minimal
Decision Tree,1.0,0.9984278431844564,0.9934417187430864,0.0019166229189177817,0.0,0.004629470812090726,0.0,0.0009589999999999976,0.0015721568155435683,Minimal
Random Forest,0.9996567598206791,0.9988079606015423,0.9975920837094729,0.0009232625829943104,0.0020638201041999872,0.004031147819480213,0.0003379437500000006,0.0008477125000000005,0.000848799219136831,Minimal
Gradient Boosting,0.9999875261497544,0.9995128262099355,0.9983599625567722,0.0010320367281002225,0.00039343504472757454,0.0025770650228152023,0.00010079806363712489,0.0006165750939167648,0.0004746999398188567,Minimal
